League,Club
2. Fußball-Bundesliga,Darmstadt 98
2. Fußball-Bundesliga,St. Pauli
2. Fußball-Bundesliga,Nürnberg
2. Fußball-Bundesliga,Heidenheim
2. Fußball-Bundesliga,Paderborn 07
2. Fußball-Bundesliga,Karlsruher
2. Fußball-Bundesliga,Jahn R'burg
2. Fußball-Bundesliga,Düsseldorf
2. Fußball-Bundesliga,Hansa Rostock
2. Fußball-Bundesliga,Holstein Kiel
2. Fußball-Bundesliga,Sandhausen
2. Fußball-Bundesliga,Dresden
2. Fußball-Bundesliga,Erzgebirge Aue
2. Fußball-Bundesliga,Ingolstadt 04
3. Fußball-Liga,Magdeburg
3. Fußball-Liga,Kaiserslautern
3. Fußball-Liga,Saarbrücken
3. Fußball-Liga,Braunschweig
3. Fußball-Liga,1860 Munich
3. Fußball-Liga,SV Waldhof
3. Fußball-Liga,Osnabrück
3. Fußball-Liga,Wehen
3. Fußball-Liga,SC Freiburg II
3. Fußball-Liga,Dortmund II
3. Fußball-Liga,Meppen
3. Fußball-Liga,Viktoria Köln
3. Fußball-Liga,Hallescher
3. Fußball-Liga,MSV Duisburg
3. Fußball-Liga,Zwickau
3. Fußball-Liga,Viktoria 1889
3. Fußball-Liga,W'burg Kickers
3. Fußball-Liga,Verl
3. Fußball-Liga,TSV Havelse
3. Fußball-Liga,Türkgücü München
Albanian League,Skënderbeu Korçë
A-League,Melb City
A-League,Western United
A-League,Adelaide
A-League,Macarthur FC
A-League,Melb Victory
A-League,Sydney FC
A-League,Wellington
A-League,W Sydney
A-League,Central Coast
A-League,Newcastle
A-League,Brisbane
A-League,Perth Glory
Allsvenskan,Häcken
Allsvenskan,Djurgården
Allsvenskan,Sundsvall
Allsvenskan,AIK Stockholm
Allsvenskan,Helsingborg
Allsvenskan,Elfsborg
Allsvenskan,Göteborg
Allsvenskan,Kalmar
Allsvenskan,Malmö
Allsvenskan,Mjällby
Allsvenskan,Degerfors
Allsvenskan,Hammarby
Allsvenskan,Norrköping
Allsvenskan,Sirius
Allsvenskan,Varberg
Allsvenskan,Värnamo
Austrian Football Bundesliga,Red Bull Salzburg
Austrian Football Bundesliga,Sturm Graz
Austrian Football Bundesliga,Wolfsberger AC
Austrian Football Bundesliga,Austria Wien
Austrian Football Bundesliga,Rapid Wien
Austrian Football Bundesliga,SK Austria Klagenfurt
Austrian Football Bundesliga,Ried
Austrian Football Bundesliga,LASK
Austrian Football Bundesliga,WSG Tirol
Austrian Football Bundesliga,Hartberg
Austrian Football Bundesliga,Admira
Austrian Football Bundesliga,SCR Altach
Belarus League,BATE Borisov
Belarus League,Dinamo Minsk
Belgian First Division A,Union SG
Belgian First Division A,Club Brugge
Belgian First Division A,Anderlecht
Belgian First Division A,Antwerp
Belgian First Division A,Gent
Belgian First Division A,Mechelen
Belgian First Division A,Charleroi
Belgian First Division A,Genk
Belgian First Division A,Cercle Brugge
Belgian First Division A,Sint-Truiden
Belgian First Division A,OH Leuven
Belgian First Division A,Kortrijk
Belgian First Division A,Standard Liège
Belgian First Division A,Oostende
Belgian First Division A,Zulte Waregem
Belgian First Division A,Eupen
Belgian First Division A,R.F.C. Seraing
Belgian First Division A,Beerschot
Bosnia Premijer Liga,FK Sarajevo
Campeonato Brasileiro Série A,São Paulo
Campeonato Brasileiro Série A,Internacional
Campeonato Brasileiro Série A,Santos
Campeonato Brasileiro Série A,Botafogo (RJ)
Campeonato Brasileiro Série A,Atl Goianiense
Campeonato Brasileiro Série A,Atlético Mineiro
Campeonato Brasileiro Série A,Coritiba
Campeonato Brasileiro Série A,Flamengo
Campeonato Brasileiro Série A,Fluminense
Campeonato Brasileiro Série A,Corinthians
Campeonato Brasileiro Série A,Palmeiras
Campeonato Brasileiro Série A,Atl Paranaense
Campeonato Brasileiro Série A,Ceará
Campeonato Brasileiro Série A,América (MG)
Campeonato Brasileiro Série A,Avaí
Campeonato Brasileiro Série A,Goiás
Campeonato Brasileiro Série A,Juventude
Campeonato Brasileiro Série A,Fortaleza
Campeonato Brasileiro Série A,Bragantino
Campeonato Brasileiro Série A,Cuiabá
Campeonato Brasileiro Série B,Cruzeiro
Campeonato Brasileiro Série B,Grêmio
Campeonato Brasileiro Série B,Ponte Preta
Campeonato Brasileiro Série B,Bahia
Campeonato Brasileiro Série B,Náutico
Campeonato Brasileiro Série B,Vasco da Gama
Campeonato Brasileiro Série B,Sport Recife
Campeonato Brasileiro Série B,Guarani
Campeonato Brasileiro Série B,Criciúma
Campeonato Brasileiro Série B,Sampaio Corrêa
Campeonato Brasileiro Série B,CRB
Campeonato Brasileiro Série B,Chapecoense
Campeonato Brasileiro Série B,Vila Nova
Campeonato Brasileiro Série B,CSA
Campeonato Brasileiro Série B,Tombense Futebol Clube
Campeonato Brasileiro Série B,Ituano
Campeonato Brasileiro Série B,Londrina
Campeonato Brasileiro Série B,Grêmio Novorizontino
Campeonato Brasileiro Série B,Operário
Campeonato Brasileiro Série B,Brusque Futebol Clube
Canadian Premier League,FC Edmonton
Canadian Premier League,York9 FC
Canadian Premier League,HFX Wanderers
Canadian Premier League,Forge FC
Canadian Premier League,Cavalry FC
Canadian Premier League,Pacific FC
Canadian Premier League,Valour FC
Canadian Premier League,Atlético Ottawa
Chilean Primera División,Ñublense
Chilean Primera División,Cobresal
Chilean Primera División,Curico Unido
Chilean Primera División,Colo-Colo
Chilean Primera División,CD Everton
Chilean Primera División,Palestino
Chilean Primera División,Univ Católica
Chilean Primera División,Unión Española
Chilean Primera División,O'Higgins
Chilean Primera División,Univ Chile
Chilean Primera División,Huachipato
Chilean Primera División,La Calera
Chilean Primera División,Audax Italiano
Chilean Primera División,Coquimbo Unido
Chilean Primera División,Antofagasta
Chilean Primera División,La Serena
Croatian First Football League,Dinamo Zagreb
Croatian First Football League,Osijek
Croatian First Football League,Rijeka
Croatian First Football League,Hajduk Split
Croatian First Football League,Lokomotiva
Croatian First Football League,Gorica
Croatian First Football League,Slaven Belupo
Croatian First Football League,Šibenik
Croatian First Football League,Istra 1961
Croatian First Football League,Hrvatski Dragovoljac
Cypro League,APOEL FC
Cypro League,Apollon Limassol
Czech First League,Viktoria Plzen
Czech First League,Slavia Prague
Czech First League,Sparta Prague
Czech First League,Slovácko
Czech First League,Baník Ostrava
Czech First League,Slovan Liberec
Czech First League,České Budĕjov.
Czech First League,Mladá Boleslav
Czech First League,Hradec Králové
Czech First League,Sigma Olomouc
Czech First League,Fastav Zlín
Czech First League,Jablonec
Czech First League,Bohemians 1905
Czech First League,Teplice
Czech First League,FK Pardubice
Czech First League,Karviná
División de Fútbol Profesional,Blooming
División de Fútbol Profesional,Aurora
División de Fútbol Profesional,Oriente Petrolero
División de Fútbol Profesional,Bolívar
División de Fútbol Profesional,The Strongest
División de Fútbol Profesional,Wilstermann
División de Fútbol Profesional,Independiente Petrolero
División de Fútbol Profesional,Universitario de Sucre
División de Fútbol Profesional,Nacional Potosí
División de Fútbol Profesional,Royal Parí
División de Fútbol Profesional,Always Ready
División de Fútbol Profesional,Real Santa Cruz
División de Fútbol Profesional,Guabirá
División de Fútbol Profesional,Real Tomayapo
División de Fútbol Profesional,Atlético Palmaflor
División de Fútbol Profesional,FC Universitario
Divizia Nasional,Sheriff Tiraspol
Dutch Eerste Divisie,Emmen
Dutch Eerste Divisie,Volendam
Dutch Eerste Divisie,Excelsior
Dutch Eerste Divisie,FC Eindhoven
Dutch Eredivisie,ADO Den Haag
Dutch Eerste Divisie,Jong Ajax
Dutch Eerste Divisie,Roda JC
Dutch Eredivisie,NAC Breda
Dutch Eerste Divisie,De Graafschap
Dutch Eerste Divisie,VVV-Venlo
Dutch Eerste Divisie,Jong PSV
Dutch Eerste Divisie,Den Bosch
Dutch Eerste Divisie,Jong AZ
Dutch Eerste Divisie,Oss
Dutch Eerste Divisie,Almere City
Dutch Eerste Divisie,Dordrecht
Dutch Eerste Divisie,Telstar
Dutch Eerste Divisie,Jong Utrecht
Dutch Eerste Divisie,MVV Maastricht
Dutch Eerste Divisie,Helmond Sport
Dutch Eredivisie,Ajax
Dutch Eredivisie,PSV Eindhoven
Dutch Eredivisie,Feyenoord
Dutch Eredivisie,AZ Alkmaar
Dutch Eredivisie,Twente
Dutch Eredivisie,Vitesse
Dutch Eredivisie,Utrecht
Dutch Eredivisie,Groningen
Dutch Eredivisie,Cambuur
Dutch Eredivisie,NEC Nijmegen
Dutch Eredivisie,Heracles Almelo
Dutch Eredivisie,Heerenveen
Dutch Eredivisie,Go Ahead Eag
Dutch Eredivisie,RKC Waalwijk
Dutch Eredivisie,Willem II
Dutch Eredivisie,Fortuna Sittard
Dutch Eredivisie,Sparta R'dam
Dutch Eredivisie,Zwolle
EFL Championship,Bournemouth
EFL Championship,Huddersfield
EFL Championship,Blackburn
EFL Championship,Luton Town
EFL Championship,QPR
EFL Championship,Middlesbrough
EFL Championship,Nott'ham Forest
EFL Championship,Sheffield Utd
EFL Championship,Millwall
EFL Championship,Coventry City
EFL Championship,West Brom
EFL Championship,Blackpool
EFL Championship,Preston
EFL Championship,Cardiff City
EFL Championship,Bristol City
EFL Championship,Hull City
EFL Championship,Reading
EFL Championship,Barnsley
EFL Championship,Derby County
EFL Championship,P'borough Utd
EFL League One,Rotherham Utd
EFL League One,MK Dons
EFL League One,Oxford United
EFL League One,Plymouth Argyle
EFL League One,Sunderland
EFL League One,Sheffield Weds
EFL League One,Wycombe
EFL League One,Ipswich Town
EFL League One,Portsmouth
EFL League One,Bolton
EFL League One,Acc'ton Stanley
EFL League One,Cheltenham
EFL League One,Burton Albion
EFL League One,Cambridge Utd
EFL League One,Charlton Ath
EFL League One,Shrewsbury
EFL League One,Lincoln City
EFL League One,Fleetwood Town
EFL League One,AFC Wimbledon
EFL League One,Gillingham
EFL League One,Morecambe
EFL League One,Doncaster
EFL League One,Crewe Alexandra
EFL League Two,FG Rovers
EFL League Two,Northampton
EFL League Two,Newport County
EFL League Two,Tranmere Rovers
EFL League Two,Exeter City
EFL League Two,Swindon Town
EFL League Two,Bristol Rovers
EFL League Two,Sutton United
EFL League Two,Port Vale
EFL League Two,Mansfield Town
EFL League Two,Salford City
EFL League Two,Hartlepool Utd
EFL League Two,Bradford City
EFL League Two,Walsall
EFL League Two,Crawley Town
EFL League Two,Harrogate
EFL League Two,Rochdale
EFL League Two,Carlisle United
EFL League Two,Colchester Utd
EFL League Two,Leyton Orient
EFL League Two,Barrow
EFL League Two,Stevenage
EFL League Two,Oldham Athletic
EFL League Two,Scunthorpe Utd
Ekstraklasa,RKS Raków
Ekstraklasa,Pogoń Szczecin
Ekstraklasa,Dnipro Dnipropetrovsk
Ekstraklasa,Lech Poznan
Ekstraklasa,Radomiak Radom
Ekstraklasa,Lechia Gdańsk
Ekstraklasa,Górnik Zabrze
Ekstraklasa,Wisła Płock
Ekstraklasa,Piast Gliwice
Ekstraklasa,Stal Mielec
Ekstraklasa,Cracovia
Ekstraklasa,Legia Warsaw
Ekstraklasa,Jagiellonia
Ekstraklasa,Zagłębie Lubin
Ekstraklasa,Warta Poznań
Ekstraklasa,Śląsk Wrocław
Ekstraklasa,Wisla Kraków
Ekstraklasa,Górnik Łęczna
Ekstraklasa,Bruk-Bet Termalica Nieciecza
Eliteserien,Rosenborg
Eliteserien,Lillestrøm
Eliteserien,Viking
Eliteserien,Tromsø
Eliteserien,HamKam
Eliteserien,Vålerenga
Eliteserien,Bodø/Glimt
Eliteserien,Strømsgodset
Eliteserien,Molde
Eliteserien,Haugesund
Eliteserien,Odd
Eliteserien,Aalesund
Eliteserien,Sandefjord
Eliteserien,Sarpsborg 08
Eliteserien,Kristiansund
Eliteserien,Jerv
Erovnuli Liga,Dinamo Tbilisi
First Professional Football League,Ludogorets Razgrad
First Professional Football League,CSKA Sofia
First Professional Football League,Botev Plovdiv
First Professional Football League,Cherno More
First Professional Football League,Slavia Sofia
First Professional Football League,Levski Sofia
First Professional Football League,Loko Plovdiv
First Professional Football League,Beroe
First Professional Football League,CSKA 1948
First Professional Football League,Arda
First Professional Football League,Pirin Blagoevgrad
First Professional Football League,Lokomotiv Sofia
First Professional Football League,Botev Vratsa
First Professional Football League,Tsarsko Selo
Fußball-Bundesliga,Bayern Munich
Fußball-Bundesliga,Dortmund
Fußball-Bundesliga,Bayer Leverkusen
Fußball-Bundesliga,RB Leipzig
Fußball-Bundesliga,Freiburg
Fußball-Bundesliga,Hoffenheim
Fußball-Bundesliga,Köln
Fußball-Bundesliga,Union Berlin
Fußball-Bundesliga,Eintracht Frankfurt
Fußball-Bundesliga,Mainz 05
Fußball-Bundesliga,Bochum
Fußball-Bundesliga,Wolfsburg
Fußball-Bundesliga,Mönchengladbach
Fußball-Bundesliga,Augsburg
Fußball-Bundesliga,Arminia
Fußball-Bundesliga,Stuttgart
Fußball-Bundesliga,Hertha BSC
Fußball-Bundesliga,Greuther Fürth
Fußball-Bundesliga,Werder Bremen
Fußball-Bundesliga,Schalke 04
Fußball-Bundesliga,Hamburger SV
Fußball-Bundesliga,Hannover 96
Indian I-League,Mohammedan
Indian I-League,Gokulam Kerala
Indian I-League,Minerva Punjab
Indian I-League,NEROCA
Indian I-League,Sreenidi Deccan FC
Indian I-League,TRAU FC
Indian I-League,Real Kashmir
Indian I-League,Rajasthan United FC
Indian I-League,Indian Arrows
Indian I-League,Sudeva Delhi
Indian I-League,Churchill Brothers
Indian I-League,Aizawl
Indian I-League,Kenkre FC
Indian Super League,Jamshedpur
Indian Super League,Hyderabad FC
Indian Super League,Mohun Bagan
Indian Super League,Kerala Blasters
Indian Super League,Mumbai City
Indian Super League,Bengaluru
Indian Super League,Odisha
Indian Super League,Chennaiyin
Indian Super League,Goa
Indian Super League,NorthEast Utd
Indian Super League,East Bengal
Israeli Ligue,Maccabi Tel Aviv
Israeli Ligue,Hapoel Tel Aviv
Israeli Ligue,Hapoel Be'er Sheva
J1 League,Kawa Frontale
J1 League,Marinos
J1 League,Kashiwa Reysol
J1 League,Kashima Antlers
J1 League,FC Tokyo
J1 League,Sagan Tosu
J1 League,Júbilo Iwata
J1 League,Cerezo Osaka
J1 League,Gamba Osaka
J1 League,Kyoto Sanga
J1 League,Grampus
J1 League,Consa Sapporo
J1 League,Urawa Reds
J1 League,S-Pulse
J1 League,Sanfrecce
J1 League,Avispa Fukuoka
J1 League,Vissel Kobe
J1 League,Shonan Bellmare
J2 League,Yokohama FC
J2 League,Machida Zelvia
J2 League,Tokyo Verdy
J2 League,Vegalta Sendai
J2 League,Fagi Okayama
J2 League,JEF United
J2 League,Blaublitz Akita
J2 League,Grulla Morioka
J2 League,Montedio
J2 League,Renofa
J2 League,Thespakusatsu Gunma
J2 League,Ventforet Kofu
J2 League,Roasso Kumamoto
J2 League,V-V Nagasaki
J2 League,Vortis
J2 League,FC Ryūkyū
J2 League,Tochigi SC
J2 League,Albirex Niigata
J2 League,Omiya Ardija
J2 League,Zweigen
J2 League,Oita Trinita
J2 League,Mito HollyHock
K League 1,Ulsan Hyundai
K League 1,Pohang
K League 1,Incheon United
K League 1,Jeju United FC
K League 1,Sangju Sangmu
K League 1,Gangwon
K League 1,Daegu
K League 1,FC Seoul
K League 1,Suw Bluewings
K League 1,Suwon FC
K League 1,Jeonbuk
K League 1,Seongnam
Kazaki League,Astana FK
La Liga,Real Madrid
La Liga,Sevilla
La Liga,Barcelona
La Liga,Atlético Madrid
La Liga,Real Betis
La Liga,Real Sociedad
La Liga,Villarreal
La Liga,Athletic Club
La Liga,Valencia
La Liga,Celta Vigo
La Liga,Osasuna
La Liga,Espanyol
La Liga,Rayo Vallecano
La Liga,Elche
La Liga,Getafe
La Liga,Mallorca
La Liga,Granada
La Liga,Cádiz
La Liga,Alavés
La Liga,Levante
Liga 1 de Fútbol Profesional,Alianza Atlético
Liga 1 de Fútbol Profesional,Dep Municipal
Liga 1 de Fútbol Profesional,Sport Huancayo
Liga 1 de Fútbol Profesional,Universitario
Liga 1 de Fútbol Profesional,Binacional
Liga 1 de Fútbol Profesional,Cienciano
Liga 1 de Fútbol Profesional,Atlético Grau
Liga 1 de Fútbol Profesional,Asociación Deportiva Tarma
Liga 1 de Fútbol Profesional,Sporting Cristal
Liga 1 de Fútbol Profesional,UTC
Liga 1 de Fútbol Profesional,U César Vallejo
Liga 1 de Fútbol Profesional,Melgar
Liga 1 de Fútbol Profesional,Ayacucho
Liga 1 de Fútbol Profesional,Alianza Lima
Liga 1 de Fútbol Profesional,Sport Boys
Liga 1 de Fútbol Profesional,Carlos Stein
Liga 1 de Fútbol Profesional,Cantolao
Liga 1 de Fútbol Profesional,Mannucci
Liga 1 de Fútbol Profesional,USMP
Liga 1 de Fútbol Profesional,Cusco
Liga I,CFR Cluj
Liga I,FCSB
Liga I,CS U Craiova
Liga I,Argeș Pitești
Liga I,Farul Constanța
Liga I,Voluntari
Liga I,Botoșani
Liga I,UTA Arad
Liga I,Rapid Bucuresti
Liga I,Sepsi
Liga I,Chindia
Liga I,FC U Craiova
Liga I,Mioveni
Liga I,Gaz Metan
Liga I,Dinamo
Liga I,Clinceni
Liga I,Steaua Bucarest
Liga I,Otelul Galati
Liga MX,UANL
Liga MX,Puebla
Liga MX,Atlas
Liga MX,León
Liga MX,América
Liga MX,Pachuca
Liga MX,Cruz Azul
Liga MX,Monterrey
Liga MX,Toluca
Liga MX,Santos
Liga MX,Guadalajara
Liga MX,UNAM
Liga MX,Necaxa
Liga MX,Atlético
Liga MX,Mazatlán
Liga MX,Querétaro
Liga MX,Tijuana
Liga MX,FC Juárez
Liga Profesional Ecuador,Barcelona SC
Liga Profesional Ecuador,LDU de Quito
Liga Profesional Ecuador,CS Emelec
Liga Profesional Ecuador,CD Cuenca
Liga Profesional Ecuador,Mushuc Runa
Liga Profesional Ecuador,Independiente
Liga Profesional Ecuador,SD Aucas
Liga Profesional Ecuador,Univ Católica
Liga Profesional Ecuador,Orense
Liga Profesional Ecuador,Cumbayá FC
Liga Profesional Ecuador,Delfín SC
Liga Profesional Ecuador,Macará
Liga Profesional Ecuador,Guayaquil City
Liga Profesional Ecuador,Club 9 de Octubre
Liga Profesional Ecuador,Gualaceo Sporting Club
Liga Profesional Ecuador,Técnico Univ.
Ligat ha'Al,Maccabi Haifa
Ligue 1,Paris Saint-Germain
Ligue 1,Marseille
Ligue 1,Nice
Ligue 1,Rennes
Ligue 1,Strasbourg
Ligue 1,Lille
Ligue 1,Nantes
Ligue 1,Monaco
Ligue 1,Lens
Ligue 1,Lyon
Ligue 1,Montpellier
Ligue 1,Reims
Ligue 1,Brest
Ligue 1,Angers
Ligue 1,Troyes
Ligue 1,Clermont Foot
Ligue 1,Lorient
Ligue 1,Saint-Étienne
Ligue 1,Metz
Ligue 1,Bordeaux
Ligue 1,Toulouse
Ligue 2,Paris FC
Ligue 1,Auxerre
Ligue 2,Ajaccio
Ligue 1,Sochaux
Ligue 2,Le Havre
Ligue 2,Nîmes
Ligue 2,Pau FC
Ligue 2,Dijon
Ligue 2,Caen
Ligue 2,Amiens
Ligue 2,Bastia
Ligue 2,Niort
Ligue 1,Guingamp
Ligue 2,Valenciennes
Ligue 2,Rodez Aveyron
Ligue 2,Grenoble
Ligue 2,Quevilly-Rouen
Ligue 2,Dunkerque
Ligue 1,Nancy
Luxembourg League,F91 Dudelange
Major League Soccer,Columbus Crew
Major League Soccer,Philadelphia
Major League Soccer,NY Red Bulls
Major League Soccer,D.C. United
Major League Soccer,Atlanta Utd
Major League Soccer,Chicago Fire
Major League Soccer,NYCFC
Major League Soccer,Orlando City
Major League Soccer,New England
Major League Soccer,FC Cincinnati
Major League Soccer,Toronto FC
Major League Soccer,Inter Miami
Major League Soccer,Charlotte FC
Major League Soccer,CF Montréal
National League,Stockport
National League,Chesterfield
National League,FC Halifax Town
National League,Wrexham
National League,Boreham Wood
National League,Solihull Moors
National League,Grimsby Town
National League,Notts County
National League,Dag & Red
National League,Bromley
National League,Torquay
National League,Southend United
National League,Altrincham
National League,Yeovil Town
National League,Wealdstone
National League,Barnet
National League,Woking
National League,Eastleigh
National League,Maidenhead Utd
National League,Aldershot Town
National League,Weymouth
National League,King's Lynn
National League,Dover Athletic
Nemzeti Bajnokság I,Ferencváros
Nemzeti Bajnokság I,Kisvárda
Nemzeti Bajnokság I,Puskás
Nemzeti Bajnokság I,Paks
Nemzeti Bajnokság I,Zalaegerszeg
Nemzeti Bajnokság I,Újpest
Nemzeti Bajnokság I,Vidi
Nemzeti Bajnokság I,Honvéd
Nemzeti Bajnokság I,Debrecen
Nemzeti Bajnokság I,Mezőkövesd
Nemzeti Bajnokság I,Gyirmót
Nemzeti Bajnokság I,MTK Budapest
Persian Gulf Pro League,Esteghlal
Persian Gulf Pro League,Persepolis
Persian Gulf Pro League,Gol Gohar
Persian Gulf Pro League,Sepahan
Persian Gulf Pro League,Mes Rafsanjan
Persian Gulf Pro League,Foolad
Persian Gulf Pro League,Sanat Naft
Persian Gulf Pro League,Aluminium Arak
Persian Gulf Pro League,Paykan
Persian Gulf Pro League,Zob Ahan
Persian Gulf Pro League,SorkhPooshan FC
Persian Gulf Pro League,Nassaji
Persian Gulf Pro League,Tractor Sazi
Persian Gulf Pro League,Fajr Sepasi
Persian Gulf Pro League,Naft
Persian Gulf Pro League,Padideh
Premier League,Manchester City
Premier League,Liverpool
Premier League,Chelsea
Premier League,Arsenal
Premier League,Manchester United
Premier League,West Ham United
Premier League,Wolverhampton Wanderers
Premier League,Tottenham Hotspur
Premier League,Aston Villa
Premier League,Southampton
Premier League,Crystal Palace
Premier League,Leicester City
Premier League,Brighton
Premier League,Brentford
Premier League,Leeds United
Premier League,Everton
Premier League,Watford
Premier League,Burnley
Premier League,Norwich City
Premier League,Fulham
Premier League,Stoke City
Premier League,Newcastle United
Premier League,Birmingham City
Premier League,Swansea City
Premier League,Wigan Athletic
Premyer Liqasi,Qarabag FK
Primeira Liga,Porto
Primeira Liga,Sporting CP
Primeira Liga,Benfica
Primeira Liga,Braga
Primeira Liga,Gil Vicente FC
Primeira Liga,Vitória Guimarães
Primeira Liga,Estoril
Primeira Liga,Marítimo
Primeira Liga,Paços de Ferreira
Primeira Liga,Santa Clara
Primeira Liga,Portimonense
Primeira Liga,Famalicão
Primeira Liga,Boavista
Primeira Liga,FC Vizela
Primeira Liga,Arouca
Primeira Liga,Tondela
Primeira Liga,Moreirense
Primeira Liga,Belenenses
Russian Premier League,Anzhi Makhachkala
Russian Premier League,Zenit
Russian Premier League,Dynamo Moscow
Russian Premier League,CSKA Moscow
Russian Premier League,Sochi
Russian Premier League,Krasnodar
Russian Premier League,Akhmat Grozny
Russian Premier League,Lokomotiv Moscow
Russian Premier League,Samara
Russian Premier League,Spartak Moscow
Russian Premier League,Rubin Kazan
Russian Premier League,Nizhny Novgorod
Russian Premier League,Rostov
Russian Premier League,Ural
Russian Premier League,Arsenal Tula
Russian Premier League,Ufa
Russian Premier League,FC Khimki
Saudi Professional League,Al-Ittihad
Saudi Professional League,Al-Nassr
Saudi Professional League,Al-Hilal
Saudi Professional League,Al-Shabab
Saudi Professional League,Damac
Saudi Professional League,Al-Fateh
Saudi Professional League,Abha
Saudi Professional League,Al-Fayha
Saudi Professional League,Al-Raed
Saudi Professional League,Al-Ahli
Saudi Professional League,Al-Faisaly
Saudi Professional League,Al-Ta'ee
Saudi Professional League,Al-Taawoun
Saudi Professional League,Al-Ettifaq
Saudi Professional League,Al-Batin
Saudi Professional League,Al-Hazem
Scottish Championship,Kilmarnock
Scottish Championship,Arbroath FC
Scottish Championship,Partick Thistle
Scottish Championship,Inverness CT
Scottish Championship,Raith Rovers
Scottish Championship,Gr'nock Morton
Scottish Championship,Ayr United
Scottish Championship,Hamilton
Scottish Championship,Queens
Scottish Championship,Dunfermline
Scottish Premiership,Celtic
Scottish Premiership,Rangers
Scottish Premiership,Hearts
Scottish Premiership,Hibernian
Scottish Premiership,Livingston
Scottish Premiership,Ross County
Scottish Premiership,Dundee United
Scottish Premiership,Motherwell
Scottish Premiership,St Mirren
Scottish Premiership,Aberdeen
Scottish Premiership,St Johnstone
Scottish Premiership,Dundee
Segunda División,Eibar
Segunda División,Almería
Segunda División,Valladolid
Segunda División,Tenerife
Segunda División,Ponferradina
Segunda División,Girona
Segunda División,Oviedo
Segunda División,Cartagena
Segunda División,UD Ibiza
Segunda División,Zaragoza
Segunda División,Burgos
Segunda División,Lugo
Segunda División,Leganés
Segunda División,Las Palmas
Segunda División,Huesca
La Liga,Málaga
Segunda División,CD Mirandés
Segunda División,Sporting Gijón
Segunda División,Real Sociedad B
Segunda División,SD Amorebieta
Segunda División,Fuenlabrada
Segunda División,Alcorcón
Serbian SuperLiga,Red Star
Serbian SuperLiga,Red Star Belgrade
Serbian SuperLiga,Partizan
Serbian SuperLiga,Čukarički
Serbian SuperLiga,Radnički Niš
Serbian SuperLiga,Vojvodina
Serbian SuperLiga,TSC Bačka Top
Serbian SuperLiga,Voždovac
Serbian SuperLiga,Napredak Kruš
Serbian SuperLiga,Radnik Surdulica
Serbian SuperLiga,FK Kolubara
Serbian SuperLiga,Spartak Subotic
Serbian SuperLiga,Mladost Lučani
Serbian SuperLiga,Proleter NS
Serbian SuperLiga,Radnički Kragujevac
Serbian SuperLiga,Metalac GM
Serbian SuperLiga,Novi Pazar
Serie A,Milan
Serie A,Napoli
Serie A,Internazionale
Serie A,Juventus
Serie A,Lazio
Serie A,Roma
Serie A,Atalanta
Serie A,Fiorentina
Serie A,Hellas Verona
Serie A,Sassuolo
Serie A,Torino
Serie A,Udinese
Serie A,Bologna
Serie A,Empoli
Serie A,Spezia
Serie A,Sampdoria
Serie A,Cagliari
Serie A,Venezia
Serie A,Genoa
Serie A,Salernitana
Serie A,Palermo
Serie B,Cremonese
Serie B,Pisa
Serie B,Lecce
Serie B,Monza
Serie B,Brescia
Serie B,Benevento
Serie B,Ascoli
Serie B,Frosinone
Serie B,Perugia
Serie B,Cittadella
Serie B,US Reggina
Serie B,Ternana
Serie B,Como
Serie B,Parma
Serie B,SPAL
Serie B,Alessandria
Serie B,Cosenza
Serie B,Vicenza Virtus
Serie B,Crotone
Serie B,Pordenone
Slovak League,NK Maribor
Slovak League,Slovan Bratislava
Slovak League,Spartak Trnava
Slovak League,Olimpija Ljubljana
South African Premier Division,Sundowns
South African Premier Division,Royal Eagles FC
South African Premier Division,Kaizer Chiefs
South African Premier Division,Orlando Pirates
South African Premier Division,Stellenbosch FC
South African Premier Division,Cape Town City
South African Premier Division,SuperSport
South African Premier Division,Sekhukhune United FC
South African Premier Division,AmaZulu
South African Premier Division,Marumo Gallants FC
South African Premier Division,Golden Arrows
South African Premier Division,Maritzburg Utd
South African Premier Division,Chippa Utd
South African Premier Division,Moroka Swallows
South African Premier Division,TS Galaxy
South African Premier Division,Baroka FC
Super League Greece,Olympiacos
Super League Greece,PAOK
Super League Greece,AEK Athens
Super League Greece,Aris
Super League Greece,Panathinaikos
Super League Greece,PAS Giannina
Super League Greece,OFI Crete
Super League Greece,Asteras Tripoli
Super League Greece,Panetolikos
Super League Greece,Volos NFC
Super League Greece,Ionikos
Super League Greece,Atromitos
Super League Greece,PAS Lamia
Super League Greece,Apollon Smyrnis
Süper Lig,Trabzonspor
Süper Lig,Konyaspor
Süper Lig,Fenerbahçe
Süper Lig,Istanbul Basaksehir
Süper Lig,Alanyaspor
Süper Lig,Hatayspor
Süper Lig,Adana Demirspor
Süper Lig,Besiktas
Süper Lig,Fatih Karagümrük
Süper Lig,Kayserispor
Süper Lig,Galatasaray
Süper Lig,Antalyaspor
Süper Lig,Gaziantep FK
Süper Lig,Sivasspor
Süper Lig,Kasımpaşa
Süper Lig,Giresunspor
Süper Lig,Altay
Süper Lig,Göztepe
Süper Lig,Rizespor
Süper Lig,Yeni Mal'spor
Süper Lig,Bursaspor
Superettan,Landskrona
Superettan,Brommapojkarna
Superettan,Halmstad
Allsvenskan,Örebro
Superettan,Trelleborg
Superettan,Örgryte
Superettan,Brage
Superettan,Öster
Superettan,Västerås
Superettan,Jönköping
Superettan,Norrby
Allsvenskan,Östersund
Superettan,Dalkurd
Superettan,Skövde
Superettan,Utsikten
Superettan,AFC Eskilstuna
Superliga,FC Copenhagen
Superliga,Brøndby
Superliga,Midtjylland
Superliga,Aalborg
Superliga,Randers
Superliga,Silkeborg
Superliga,Viborg
Superliga,AGF
Superliga,Odense
Superliga,Nordsjælland
Superliga,Vejle BK
Superliga,SønderjyskE
Swiss Super League,Zürich
Swiss Super League,Basel
Swiss Super League,Young Boys
Swiss Super League,Lugano
Swiss Super League,Servette FC
Swiss Super League,St. Gallen
Swiss Super League,Sion
Swiss Super League,Grasshopper
Swiss Super League,Luzern
Swiss Super League,Lausanne-Sport
Ukrainian Premier League,Shakhtar Donetsk
Ukrainian Premier League,Dynamo Kyiv
Ukrainian Premier League,SK Dnipro-1
Ukrainian Premier League,Zorya Luhansk
Ukrainian Premier League,Vorskla Poltava
Ukrainian Premier League,FC Oleksandriya
Ukrainian Premier League,Desna Chernihiv
Ukrainian Premier League,FK Kolos
Ukrainian Premier League,Veres Rivne
Ukrainian Premier League,Metalist Kharkiv
Ukrainian Premier League,Рух
Ukrainian Premier League,FC Lviv
Ukrainian Premier League,Chornomorets Odesa
Ukrainian Premier League,FK Inhulets
Ukrainian Premier League,FK Mynai
Ukrainian Premier League,FC Mariupol
USL Championship,Tampa Bay
USL Championship,Charleston
USL Championship,Pittsburgh
USL Championship,Indy Eleven
USL Championship,Miami FC
USL Championship,Louisville City
USL Championship,Detroit City
USL Championship,Red Bulls II
USL Championship,FC Tulsa
USL Championship,Atlanta 2
USL Championship,Birmingham
USL Championship,Hartford
USL Championship,Loudoun Utd
USL Championship,Memphis
USL League One,N Carolina
USL League One,Richmond
USL League One,FC Tucson
USL League One,Charlotte
USL League One,Tormenta FC
USL League One,Chattanooga
USL League One,Madison
USL League One,Greenville
USL League One,Union Omaha
USL League One,Northern Colorado Hailstorm
USL League One,Central Valley Fuego
Veikkausliiga,HJK Helsinki
Veikkausliiga,Lahti
Veikkausliiga,Inter Turku
Veikkausliiga,VPS
Veikkausliiga,KuPS
Veikkausliiga,FC Honka
Veikkausliiga,IFK Mariehamn
Veikkausliiga,Haka
Veikkausliiga,AC Oulu
Veikkausliiga,Ilves
Veikkausliiga,HIFK
Veikkausliiga,SJK
Venezuelan Primera División,Dep Táchira
Venezuelan Primera División,Zamora
Venezuelan Primera División,Dep La Guaira
Venezuelan Primera División,Metropolitanos
Venezuelan Primera División,Monagas
Venezuelan Primera División,Mineros
Venezuelan Primera División,Carabobo
Venezuelan Primera División,Caracas
Venezuelan Primera División,Portuguesa
Venezuelan Primera División,Acad Pr Cabello
Venezuelan Primera División,Deportivo Lara
Venezuelan Primera División,Aragua
Venezuelan Primera División,Universidad Central de Venezuela FC
Venezuelan Primera División,CD Hermanos Colmenarez
Venezuelan Primera División,Estud Mérida
Venezuelan Primera División,Zulia
Welsh League,The New Saints
